ts_code,name_manual,t0_category,t0_category_cn,reason,rows,start_time,end_time,trading_days,bad_ohlc_rows,non_positive_price_rows,negative_vol_amount_rows,duplicate_time_rows,max_rows_per_day,median_rows_per_day,total_amount,status,has_enough_data,selected_for_main
518880.SH,黄金ETF华安,commodity,商品ETF,黄金核心,174966,2022-01-04 09:30:00,2024-12-31 15:00:00,726,0,0,0,0,241,241.0,675901085287.0,exists,1,1
159934.SZ,黄金ETF易方达,commodity,商品ETF,黄金核心,174966,2022-01-04 09:30:00,2024-12-31 15:00:00,726,0,0,0,0,241,241.0,169816665480.40598,exists,1,1
159937.SZ,黄金ETF博时,commodity,商品ETF,黄金核心,174966,2022-01-04 09:30:00,2024-12-31 15:00:00,726,0,0,0,0,241,241.0,161633523321.445,exists,1,1
518800.SH,黄金ETF国泰,commodity,商品ETF,黄金核心，若接口无数据会自动剔除,174966,2022-01-04 09:30:00,2024-12-31 15:00:00,726,0,0,0,0,241,241.0,117058189997.0,exists,1,1
159985.SZ,豆粕ETF华夏,commodity,商品ETF,商品期货类,174966,2022-01-04 09:30:00,2024-12-31 15:00:00,726,0,0,0,0,241,241.0,94506511266.467,exists,1,1
159980.SZ,有色ETF,commodity,商品ETF,商品期货类，自动校验,174966,2022-01-04 09:30:00,2024-12-31 15:00:00,726,0,0,0,0,241,241.0,54212354431.043,exists,1,1
159981.SZ,能源化工ETF,commodity,商品ETF,商品期货类，自动校验,174966,2022-01-04 09:30:00,2024-12-31 15:00:00,726,0,0,0,0,241,241.0,21450665407.316998,exists,1,1
159518.SZ,标普油气ETF嘉实,commodity,商品ETF,油气，可能 2022 不完整,66275,2023-11-15 09:30:00,2024-12-31 15:00:00,275,0,0,0,0,241,241.0,9189911090.324,exists,0,0
513350.SH,标普油气ETF富国,commodity,商品ETF,油气，可能 2022 不完整,64106,2023-11-28 09:30:00,2024-12-31 15:00:00,266,0,0,0,0,241,241.0,4511668349.0,exists,0,0
513050.SH,中概互联网ETF易方达,cross_border,跨境,高波动跨境,174966,2022-01-04 09:30:00,2024-12-31 15:00:00,726,0,0,0,0,241,241.0,1132818058918.0,ok,1,1
513100.SH,纳指ETF国泰,cross_border,跨境,纳指,174966,2022-01-04 09:30:00,2024-12-31 15:00:00,726,0,0,0,0,241,241.0,345766288657.0,ok,1,1
159941.SZ,纳指ETF广发,cross_border,跨境,纳指,174966,2022-01-04 09:30:00,2024-12-31 15:00:00,726,0,0,0,0,241,241.0,416938892082.352,ok,1,1
513500.SH,标普500ETF博时,cross_border,跨境,标普500,174966,2022-01-04 09:30:00,2024-12-31 15:00:00,726,0,0,0,0,241,241.0,171730849367.0,ok,1,1
159612.SZ,标普500ETF国泰,cross_border,跨境,可能 2022 不完整,153758,2022-05-20 09:30:00,2024-12-31 15:00:00,638,0,0,0,0,241,241.0,18596764436.359,ok,1,1
513030.SH,德国ETF华安,cross_border,跨境,德国市场,174966,2022-01-04 09:30:00,2024-12-31 15:00:00,726,0,0,0,0,241,241.0,29454012161.0,ok,1,1
513520.SH,日经ETF华夏,cross_border,跨境,日经,174966,2022-01-04 09:30:00,2024-12-31 15:00:00,726,0,0,0,0,241,241.0,124486493107.0,ok,1,1
513000.SH,日经225ETF,cross_border,跨境,日经，自动校验,174966,2022-01-04 09:30:00,2024-12-31 15:00:00,726,0,0,0,0,241,241.0,22987543522.0,ok,1,1
513180.SH,恒生科技ETF华夏,cross_border,跨境,港股科技,174966,2022-01-04 09:30:00,2024-12-31 15:00:00,726,0,0,0,0,241,241.0,1624405770888.0,ok,1,1
513330.SH,恒生互联网ETF华夏,cross_border,跨境,港股互联网,174966,2022-01-04 09:30:00,2024-12-31 15:00:00,726,0,0,0,0,241,241.0,1848296964912.0,ok,1,1
159792.SZ,港股通互联网ETF富国,cross_border,跨境,港股互联网,174966,2022-01-04 09:30:00,2024-12-31 15:00:00,726,0,0,0,0,241,241.0,395015323796.805,ok,1,1
513060.SH,恒生医疗ETF博时,cross_border,跨境,港股医疗,174966,2022-01-04 09:30:00,2024-12-31 15:00:00,726,0,0,0,0,241,241.0,749459588786.0,ok,1,1
513120.SH,港股创新药ETF广发,cross_border,跨境,可能 2022 不完整,145082,2022-07-12 09:30:00,2024-12-31 15:00:00,602,0,0,0,0,241,241.0,467554053047.0,ok,1,1
159570.SZ,港股通创新药ETF,cross_border,跨境,可能 2022 不完整,54948,2024-01-22 09:30:00,2024-12-31 15:00:00,228,0,0,0,0,241,241.0,11254715895.964,ok,0,0
513090.SH,香港证券ETF易方达,cross_border,跨境,港股金融,174966,2022-01-04 09:30:00,2024-12-31 15:00:00,726,0,0,0,0,241,241.0,872159704086.0,ok,1,1
510900.SH,H股ETF易方达,cross_border,跨境,H股,174966,2022-01-04 09:30:00,2024-12-31 15:00:00,726,0,0,0,0,241,241.0,324846779568.0,ok,1,1
159920.SZ,恒生ETF华夏,cross_border,跨境,恒生指数,173038,2022-01-04 09:30:00,2024-12-31 15:00:00,718,0,0,0,0,241,241.0,504783781398.058,ok,1,1
511880.SH,银华日利ETF,money_market,货币,参考，不建议主动日内策略,174966,2022-01-04 09:30:00,2024-12-31 15:00:00,726,0,0,0,0,241,241.0,9211607383575.0,ok,1,0
511990.SH,华宝添益ETF,money_market,货币,参考，不建议主动日内策略,174002,2022-01-04 09:30:00,2024-12-31 15:00:00,722,0,0,0,0,241,241.0,10108926921780.0,ok,1,0
511010.SH,国债ETF,bond,债券,参考，不建议主动日内策略,174966,2022-01-04 09:30:00,2024-12-31 15:00:00,726,0,0,0,0,241,241.0,260431043192.0,ok,1,0
511260.SH,十年国债ETF,bond,债券,参考，不建议主动日内策略,174966,2022-01-04 09:30:00,2024-12-31 15:00:00,726,0,0,0,0,241,241.0,271825852883.0,ok,1,0
