cost_bp,trade_count,final_nav,ann_return,ann_vol,sharpe,max_drawdown,win_rate,avg_gross_ret,avg_net_ret,profit_factor,avg_pred_up_proba,prob_threshold
0.0,1338,1.0121704324025618,0.01267651728996455,0.01217280295560338,1.0413803079042943,-0.007745826752320273,0.43946188340807174,4.547128430077082e-05,4.547128430077082e-05,1.0780352835509788,0.6636645631073228,0.65
0.0,2203,1.003453579104788,0.0035965453154105376,0.021048412443638344,0.17087014638472436,-0.017529105566910785,0.4280526554698139,8.30456298322768e-06,8.30456298322768e-06,1.0151005881491688,0.6060225655362872,0.55
0.0,18,1.0020427132077494,0.002127212560723013,0.0013999775679901939,1.5194618895050132,-0.0006129622154913417,0.5555555555555556,0.0005671042390868094,0.0005671042390868094,1.7465317691200901,0.8162030995715723,0.8
0.0,337,1.0008730799335803,0.000909174012362568,0.008673543396723634,0.10482152112203666,-0.004569482949720816,0.4332344213649852,1.348176739102213e-05,1.348176739102213e-05,1.0169615216129169,0.7151539889328462,0.7
0.0,1828,0.9965815240150557,-0.0035594836251205964,0.01579440474982978,-0.22536358169236848,-0.02167440643117835,0.424507658643326,-9.039923584405782e-06,-9.039923584405782e-06,0.9843907788160934,0.6312329301757121,0.6
0.0,69,0.9949754838450928,-0.005231596754480483,0.006373173619334073,-0.82087780232592,-0.008684480378399417,0.4057971014492754,-0.000363599410071078,-0.000363599410071078,0.7200201802550648,0.7677270858389075,0.75
0.0,2619,0.9821388826139673,-0.018592276885357473,0.0207916408790402,-0.8942188350367345,-0.0317566438164969,0.42955326460481097,-3.401055035675533e-05,-3.401055035675533e-05,0.9355746702447616,0.5805001924780998,0.5
1.0,18,1.0013215359395704,0.0013761824217297658,0.0013781761769884227,0.9985533378881838,-0.0008129622154912086,0.5555555555555556,0.0005671042390868094,0.00036710423908680937,1.4326300700713046,0.8162030995715723,0.8
1.0,69,0.9922322806224664,-0.00808739812649506,0.006500797168451306,-1.244062522938511,-0.010151429054303551,0.391304347826087,-0.000363599410071078,-0.0005635994100710779,0.6025236182845102,0.7677270858389075,0.75
1.0,337,0.9874703551936144,-0.013044007445435657,0.008812794473263375,-1.4801215987742722,-0.012874791637713434,0.42729970326409494,1.348176739102213e-05,-0.0001865182326089779,0.7946475886741146,0.7151539889328462,0.7
1.0,1338,0.959418626644881,-0.04222238896209518,0.01229870822076652,-3.433075100586756,-0.0411578443794548,0.4327354260089686,4.547128430077082e-05,-0.00015452871569922923,0.7776387680518805,0.6636645631073228,0.65
1.0,1828,0.926296475933481,-0.07662939408004166,0.016086525794918278,-4.763576365522556,-0.07371439923134437,0.41301969365426694,-9.039923584405782e-06,-0.0002090399235844058,0.6989810481816643,0.6312329301757121,0.6
1.0,2203,0.9187944097445975,-0.08441548072742167,0.021325638232879012,-3.9584034862447055,-0.08101655364200089,0.40807989105764864,8.30456298322768e-06,-0.00019169543701677233,0.7116065584724675,0.6060225655362872,0.55
1.0,2619,0.884424138242922,-0.12005307266420451,0.021060520727092722,-5.700384820483833,-0.115582512132408,0.40015273004963725,-3.401055035675533e-05,-0.00023401055035675536,0.6358106178464171,0.5805001924780998,0.5
2.0,18,1.000600765604136,0.0006255983927614395,0.0014382441304524758,0.43497371518187555,-0.001116748712867488,0.5555555555555556,0.0005671042390868094,0.00016710423908680922,1.1782579024951547,0.8162030995715723,0.8
2.0,69,0.9894963061268418,-0.010935349111827919,0.006674097322647373,-1.6384761239127783,-0.011887240089944018,0.37681159420289856,-0.000363599410071078,-0.000763599410071078,0.5042655256324501,0.7677270858389075,0.75
2.0,337,0.9742453799755242,-0.026804470707491146,0.009068304205783253,-2.9558415883751197,-0.02577888324939892,0.42729970326409494,1.348176739102213e-05,-0.00038651823260897795,0.6221066852119032,0.7151539889328462,0.7
2.0,1338,0.909404123544811,-0.09415756952015886,0.012535721287786634,-7.511140951410205,-0.09031135792774825,0.4252615844544096,4.547128430077082e-05,-0.00035452871569922927,0.5615499628161471,0.6636645631073228,0.65
2.0,1828,0.8609475923754172,-0.14436251344149376,0.016501051362420093,-8.748685781941662,-0.13851132610329464,0.39879649890590807,-9.039923584405782e-06,-0.0004090399235844058,0.49668775974604235,0.6312329301757121,0.6
2.0,2203,0.8412482732509403,-0.1647396238630009,0.021739853907126717,-7.5777705115578655,-0.15814087571017088,0.38039037675896503,8.30456298322768e-06,-0.00039169543701677233,0.501127568928652,0.6060225655362872,0.55
2.0,2619,0.7963928770796258,-0.21106409587053,0.021458911709787032,-9.8357315937074,-0.20310316053782307,0.35738831615120276,-3.401055035675533e-05,-0.0004340105503567553,0.4335582070778683,0.5805001924780998,0.5
3.0,18,0.9998804020246282,-0.00012453973271553398,0.001570817304069274,-0.07928339749817379,-0.001556436823588525,0.4444444444444444,0.0005671042390868094,-3.289576091319048e-05,0.9682523320654349,0.8162030995715723,0.8
3.0,69,0.9867675421438653,-0.013775470382527799,0.006889628126586276,-1.9994504970986542,-0.014060372706145796,0.3188405797101449,-0.000363599410071078,-0.0009635994100710781,0.4224898553175778,0.7677270858389075,0.75
3.0,337,0.9611958196240131,-0.04037485296107479,0.009430627724429715,-4.281247668857199,-0.03877892017066498,0.35311572700296734,1.348176739102213e-05,-0.0005865182326089777,0.486658475736343,0.7151539889328462,0.7
3.0,1338,0.8619855055781891,-0.14328835063210843,0.01287770883008688,-11.126851253022291,-0.13744740644932685,0.35351270553064273,4.547128430077082e-05,-0.000554528715699229,0.4028509625897339,0.6636645631073228,0.65
3.0,1828,0.8001896615679506,-0.20714705424285096,0.017029044986299438,-12.164337718850893,-0.19902943247121674,0.324945295404814,-9.039923584405782e-06,-0.0006090399235844057,0.35085974144639376,0.6312329301757121,0.6
3.0,2203,0.7702200117765812,-0.23804476132063468,0.022283421460544486,-10.682594759611847,-0.22895158118715697,0.30730821606899683,8.30456298322768e-06,-0.0005916954370167722,0.3531204097712938,0.6060225655362872,0.55
3.0,2619,0.7170892710327059,-0.2926975276514735,0.021979772652586143,-13.316676759030747,-0.2821820661033768,0.2844597174494082,-3.401055035675533e-05,-0.0006340105503567551,0.2957071372943329,0.5805001924780998,0.5
5.0,18,0.998440894426417,-0.0016234790989584358,0.0019886028539625655,-0.8163918178652061,-0.002435525045030973,0.3888888888888889,0.0005671042390868094,-0.00043289576091319073,0.6598039820566854,0.8162030995715723,0.8
5.0,69,0.9813315730778424,-0.01943230620754255,0.007431981245574777,-2.6146871965148084,-0.018932965491405662,0.2753623188405797,-0.000363599410071078,-0.001363599410071078,0.30038227692989455,0.7677270858389075,0.75
5.0,337,0.9356137563541823,-0.06695574490196154,0.010428007748157308,-6.420760946767903,-0.06428679671305981,0.26112759643916916,1.348176739102213e-05,-0.0009865182326089781,0.30837839873906986,0.7151539889328462,0.7
5.0,1338,0.7744062523120034,-0.23373182846696272,0.013843139612569808,-16.884307679359832,-0.2248360612067939,0.2526158445440957,4.547128430077082e-05,-0.0009545287156992293,0.2161414602476191,0.6636645631073228,0.65
5.0,1828,0.6911843465429565,-0.31928465231021963,0.01838427607501493,-17.367268148466398,-0.30791944399505866,0.224835886214442,-9.039923584405782e-06,-0.001009039923584406,0.18500414660442602,0.6312329301757121,0.6
5.0,2203,0.6455803201897949,-0.3659887139611999,0.02372095670125299,-15.428918764556727,-0.3533628222001396,0.20835224693599638,8.30456298322768e-06,-0.0009916954370167725,0.18737783709677894,0.6060225655362872,0.55
5.0,2619,0.5813023684454214,-0.43158354506156904,0.023354226617417,-18.479890262763178,-0.4176872559429887,0.1928216876670485,-3.401055035675533e-05,-0.0010340105503567555,0.1464178582439316,0.5805001924780998,0.5
10.0,18,0.994849231293666,-0.005363038646585716,0.0034194664687927008,-1.5683846282836122,-0.005443610309964875,0.2777777777777778,0.0005671042390868094,-0.001432895760913191,0.2776067986082982,0.8162030995715723,0.8
10.0,69,0.9678665678046006,-0.033438812798155415,0.009265855793091313,-3.608820765707106,-0.0319278303762599,0.2028985507246377,-0.000363599410071078,-0.0023635994100710783,0.1337599694336478,0.7677270858389075,0.75
10.0,337,0.8745706823582647,-0.130259395574441,0.013985757767250038,-9.31371740753761,-0.12516137269009053,0.1572700296735905,1.348176739102213e-05,-0.001986518232608978,0.10651016439455598,0.7151539889328462,0.7
10.0,1338,0.5922984313165109,-0.420382575294314,0.01747033777344016,-24.062647256506626,-0.4066469113306409,0.09566517189835576,4.547128430077082e-05,-0.0019545287156992296,0.051322213672911295,0.6636645631073228,0.65
10.0,1828,0.4790846831427145,-0.5352641426882074,0.023051731417434135,-23.220127503454453,-0.5199095515485092,0.0836980306345733,-9.039923584405782e-06,-0.0020090399235844067,0.0417189068221658,0.6312329301757121,0.6
10.0,2203,0.4149746459541595,-0.5998366315597417,0.028889660136187705,-20.76302139700064,-0.5837623264357986,0.07353608715388107,8.30456298322768e-06,-0.0019916954370167725,0.047758130866329455,0.6060225655362872,0.55
10.0,2619,0.34364237048052043,-0.6711956444769482,0.02829666697373581,-23.719954194602977,-0.6551385068304209,0.06223749522718595,-3.401055035675533e-05,-0.002034010550356756,0.030025265247895068,0.5805001924780998,0.5
